,Arab World,Arab World,1A,0
,World,World,1W,0
,East Asia & Pacific (excluding high income),East Asia & Pacific (excluding high income),4E,0
,"IDA total, excluding Sub-Saharan Africa","IDA total, excluding Sub-Saharan Africa",6D,0
,"IDA countries classified as fragile situations, excluding Sub-Saharan Africa","IDA countries classified as fragile situations, excluding Sub-Saharan Africa",6F,0
,"Non-resource rich Sub-Saharan Africa countries, of which landlocked","Non-resource rich Sub-Saharan Africa countries, of which landlocked",6L,0
,"IDA countries not classified as fragile situations, excluding Sub-Saharan Africa","IDA countries not classified as fragile situations, excluding Sub-Saharan Africa",6N,0
,Non-resource rich Sub-Saharan Africa countries,Non-resource rich Sub-Saharan Africa countries,6X,0
,Europe & Central Asia (excluding high income),Europe & Central Asia (excluding high income),7E,0
,South Asia,South Asia,8S,0
,Sub-Saharan Africa excluding South Africa,Sub-Saharan Africa excluding South Africa,A4,0
,Sub-Saharan Africa excluding South Africa and Nigeria,Sub-Saharan Africa excluding South Africa and Nigeria,A5,0
,Africa,Africa,A9,0
,Andorra,Andorra,AD,0
,United Arab Emirates,United Arab Emirates,AE,0
,Afghanistan,Afghanistan,AF,0
,Antigua and Barbuda,Antigua and Barbuda,AG,0
,Albania,Albania,AL,0
,Armenia,Armenia,AM,0
,Angola,Angola,AO,0
,Argentina,Argentina,AR,0
,American Samoa,American Samoa,AS,0
,Austria,Austria,AT,0
,Australia,Australia,AU,0
,Aruba,Aruba,AW,0
,Azerbaijan,Azerbaijan,AZ,0
,IBRD countries classified as high income,IBRD countries classified as high income,B1,0
,Latin America & the Caribbean (IBRD-only countries),Latin America & the Caribbean (IBRD-only countries),B2,0
,Middle East & North Africa (IBRD-only countries),Middle East & North Africa (IBRD-only countries),B3,0
,East Asia & Pacific (IBRD-only countries),East Asia & Pacific (IBRD-only countries),B4,0
,Sub-Saharan Africa (IBRD-only countries),Sub-Saharan Africa (IBRD-only countries),B6,0
,Europe & Central Asia (IBRD-only countries),Europe & Central Asia (IBRD-only countries),B7,0
,Central Europe and the Baltics,Central Europe and the Baltics,B8,0
,Bosnia and Herzegovina,Bosnia and Herzegovina,BA,0
,Barbados,Barbados,BB,0
,Bangladesh,Bangladesh,BD,0
,Belgium,Belgium,BE,0
,Burkina Faso,Burkina Faso,BF,0
,Bulgaria,Bulgaria,BG,0
,Bahrain,Bahrain,BH,0
,Burundi,Burundi,BI,0
,Benin,Benin,BJ,0
,Bermuda,Bermuda,BM,0
,Brunei Darussalam,Brunei Darussalam,BN,0
,Bolivia,Bolivia,BO,0
,Brazil,Brazil,BR,0
,"Bahamas, The","Bahamas, The",BS,0
,Bhutan,Bhutan,BT,0
,Botswana,Botswana,BW,0
,Belarus,Belarus,BY,0
,Belize,Belize,BZ,0
,East Asia and the Pacific (IFC classification),East Asia and the Pacific (IFC classification),C4,0
,Europe and Central Asia (IFC classification),Europe and Central Asia (IFC classification),C5,0
,Latin America and the Caribbean (IFC classification),Latin America and the Caribbean (IFC classification),C6,0
,Middle East and North Africa (IFC classification),Middle East and North Africa (IFC classification),C7,0
,South Asia (IFC classification),South Asia (IFC classification),C8,0
,Sub-Saharan Africa (IFC classification),Sub-Saharan Africa (IFC classification),C9,0
,Canada,Canada,CA,0
,"Congo, Dem. Rep.","Congo, Dem. Rep.",CD,0
,Central African Republic,Central African Republic,CF,0
,"Congo, Rep.","Congo, Rep.",CG,0
,Switzerland,Switzerland,CH,0
,Cote d'Ivoire,Cote d'Ivoire,CI,0
,Chile,Chile,CL,0
,Cameroon,Cameroon,CM,0
,China,China,CN,0
,Colombia,Colombia,CO,0
,Costa Rica,Costa Rica,CR,0
,Cuba,Cuba,CU,0
,Cabo Verde,Cabo Verde,CV,0
,Curacao,Curacao,CW,0
,Cyprus,Cyprus,CY,0
,Czech Republic,Czech Republic,CZ,0
,Latin America & the Caribbean (IDA-eligible countries),Latin America & the Caribbean (IDA-eligible countries),D2,0
,Middle East & North Africa (IDA-eligible countries),Middle East & North Africa (IDA-eligible countries),D3,0
,East Asia & Pacific (IDA-eligible countries),East Asia & Pacific (IDA-eligible countries),D4,0
,South Asia (IDA-eligible countries),South Asia (IDA-eligible countries),D5,0
,Sub-Saharan Africa (IDA-eligible countries),Sub-Saharan Africa (IDA-eligible countries),D6,0
,Europe & Central Asia (IDA-eligible countries),Europe & Central Asia (IDA-eligible countries),D7,0
,IDA countries classified as Fragile Situations,IDA countries classified as Fragile Situations,D8,0
,IDA countries not classified as Fragile Situations,IDA countries not classified as Fragile Situations,D9,0
,Germany,Germany,DE,0
,Djibouti,Djibouti,DJ,0
,Denmark,Denmark,DK,0
,Dominica,Dominica,DM,0
,Dominican Republic,Dominican Republic,DO,0
,Algeria,Algeria,DZ,0
,Ecuador,Ecuador,EC,0
,Estonia,Estonia,EE,0
,"Egypt, Arab Rep.","Egypt, Arab Rep.",EG,0
,Eritrea,Eritrea,ER,0
,Spain,Spain,ES,0
,Ethiopia,Ethiopia,ET,0
,European Union,European Union,EU,0
,Fragile and conflict affected situations,Fragile and conflict affected situations,F1,0
,IDA countries in Sub-Saharan Africa classified as fragile situations ,IDA countries in Sub-Saharan Africa classified as fragile situations ,F6,0
,Finland,Finland,FI,0
,Fiji,Fiji,FJ,0
,"Micronesia, Fed. Sts.","Micronesia, Fed. Sts.",FM,0
,Faroe Islands,Faroe Islands,FO,0
,France,France,FR,0
,Gabon,Gabon,GA,0
,United Kingdom,United Kingdom,GB,0
,Grenada,Grenada,GD,0
,Georgia,Georgia,GE,0
,Ghana,Ghana,GH,0
,Gibraltar,Gibraltar,GI,0
,Greenland,Greenland,GL,0
,"Gambia, The","Gambia, The",GM,0
,Guinea,Guinea,GN,0
,Equatorial Guinea,Equatorial Guinea,GQ,0
,Greece,Greece,GR,0
,Guatemala,Guatemala,GT,0
,Guam,Guam,GU,0
,Guinea-Bissau,Guinea-Bissau,GW,0
,Guyana,Guyana,GY,0
,"Hong Kong SAR, China","Hong Kong SAR, China",HK,0
,Honduras,Honduras,HN,0
,Croatia,Croatia,HR,0
,Haiti,Haiti,HT,0
,Hungary,Hungary,HU,0
,Indonesia,Indonesia,ID,0
,Ireland,Ireland,IE,0
,Israel,Israel,IL,0
,Isle of Man,Isle of Man,IM,0
,India,India,IN,0
,Iraq,Iraq,IQ,0
,"Iran, Islamic Rep.","Iran, Islamic Rep.",IR,0
,Iceland,Iceland,IS,0
,Italy,Italy,IT,0
,Channel Islands,Channel Islands,JG,0
,Jamaica,Jamaica,JM,0
,Jordan,Jordan,JO,0
,Japan,Japan,JP,0
,Kenya,Kenya,KE,0
,Kyrgyz Republic,Kyrgyz Republic,KG,0
,Cambodia,Cambodia,KH,0
,Kiribati,Kiribati,KI,0
,Comoros,Comoros,KM,0
,St. Kitts and Nevis,St. Kitts and Nevis,KN,0
,"Korea, Dem. People's Rep.","Korea, Dem. People's Rep.",KP,0
,"Korea, Rep.","Korea, Rep.",KR,0
,Kuwait,Kuwait,KW,0
,Cayman Islands,Cayman Islands,KY,0
,Kazakhstan,Kazakhstan,KZ,0
,Latin America and the Caribbean,Latin America and the Caribbean,L4,0
,Andean Region,Andean Region,L5,0
,Central America,Central America,L6,0
,Southern Cone,Southern Cone,L7,0
,Lao PDR,Lao PDR,LA,0
,Lebanon,Lebanon,LB,0
,St. Lucia,St. Lucia,LC,0
,Liechtenstein,Liechtenstein,LI,0
,Sri Lanka,Sri Lanka,LK,0
,Liberia,Liberia,LR,0
,Lesotho,Lesotho,LS,0
,Lithuania,Lithuania,LT,0
,Luxembourg,Luxembourg,LU,0
,Latvia,Latvia,LV,0
,Libya,Libya,LY,0
,Middle East (developing only),Middle East (developing only),M1,0
,North Africa,North Africa,M2,0
,Morocco,Morocco,MA,0
,Monaco,Monaco,MC,0
,Moldova,Moldova,MD,0
,Montenegro,Montenegro,ME,0
,St. Martin (French part),St. Martin (French part),MF,0
,Madagascar,Madagascar,MG,0
,Marshall Islands,Marshall Islands,MH,0
,"Macedonia, FYR","Macedonia, FYR",MK,0
,Mali,Mali,ML,0
,Myanmar,Myanmar,MM,0
,Mongolia,Mongolia,MN,0
,"Macao SAR, China","Macao SAR, China",MO,0
,Northern Mariana Islands,Northern Mariana Islands,MP,0
,Mauritania,Mauritania,MR,0
,Malta,Malta,MT,0
,Mauritius,Mauritius,MU,0
,Maldives,Maldives,MV,0
,Malawi,Malawi,MW,0
,Mexico,Mexico,MX,0
,Malaysia,Malaysia,MY,0
,Mozambique,Mozambique,MZ,0
,IDA countries in Sub-Saharan Africa not classified as fragile situations ,IDA countries in Sub-Saharan Africa not classified as fragile situations ,N6,0
,Namibia,Namibia,NA,0
,New Caledonia,New Caledonia,NC,0
,Niger,Niger,NE,0
,Nigeria,Nigeria,NG,0
,Nicaragua,Nicaragua,NI,0
,Netherlands,Netherlands,NL,0
,Norway,Norway,NO,0
,Nepal,Nepal,NP,0
,Nauru,Nauru,NR,0
,New Zealand,New Zealand,NZ,0
,"Resource rich Sub-Saharan Africa countries, of which oil exporters","Resource rich Sub-Saharan Africa countries, of which oil exporters",O6,0
,OECD members,OECD members,OE,0
,Oman,Oman,OM,0
,Panama,Panama,PA,0
,Peru,Peru,PE,0
,French Polynesia,French Polynesia,PF,0
,Papua New Guinea,Papua New Guinea,PG,0
,Philippines,Philippines,PH,0
,Pakistan,Pakistan,PK,0
,Poland,Poland,PL,0
,Puerto Rico,Puerto Rico,PR,0
,West Bank and Gaza,West Bank and Gaza,PS,0
,Portugal,Portugal,PT,0
,Palau,Palau,PW,0
,Paraguay,Paraguay,PY,0
,Qatar,Qatar,QA,0
,Resource rich Sub-Saharan Africa countries,Resource rich Sub-Saharan Africa countries,R6,0
,Romania,Romania,RO,0
,Serbia,Serbia,RS,0
,Russian Federation,Russian Federation,RU,0
,Rwanda,Rwanda,RW,0
,Small states,Small states,S1,0
,Pacific island small states,Pacific island small states,S2,0
,Caribbean small states,Caribbean small states,S3,0
,Other small states,Other small states,S4,0
,Saudi Arabia,Saudi Arabia,SA,0
,Solomon Islands,Solomon Islands,SB,0
,Seychelles,Seychelles,SC,0
,Sudan,Sudan,SD,0
,Sweden,Sweden,SE,0
,Singapore,Singapore,SG,0
,Slovenia,Slovenia,SI,0
,Slovak Republic,Slovak Republic,SK,0
,Sierra Leone,Sierra Leone,SL,0
,San Marino,San Marino,SM,0
,Senegal,Senegal,SN,0
,Somalia,Somalia,SO,0
,Suriname,Suriname,SR,0
,South Sudan,South Sudan,SS,0
,Sao Tome and Principe,Sao Tome and Principe,ST,0
,El Salvador,El Salvador,SV,0
,Sint Maarten (Dutch part),Sint Maarten (Dutch part),SX,0
,Syrian Arab Republic,Syrian Arab Republic,SY,0
,Swaziland,Swaziland,SZ,0
,Latin America & the Caribbean (IDA & IBRD countries),Latin America & the Caribbean (IDA & IBRD countries),T2,0
,Middle East & North Africa (IDA & IBRD countries),Middle East & North Africa (IDA & IBRD countries),T3,0
,East Asia & Pacific (IDA & IBRD countries),East Asia & Pacific (IDA & IBRD countries),T4,0
,South Asia (IDA & IBRD),South Asia (IDA & IBRD),T5,0
,Sub-Saharan Africa (IDA & IBRD countries),Sub-Saharan Africa (IDA & IBRD countries),T6,0
,Europe & Central Asia (IDA & IBRD countries),Europe & Central Asia (IDA & IBRD countries),T7,0
,Turks and Caicos Islands,Turks and Caicos Islands,TC,0
,Chad,Chad,TD,0
,Togo,Togo,TG,0
,Thailand,Thailand,TH,0
,Tajikistan,Tajikistan,TJ,0
,Timor-Leste,Timor-Leste,TL,0
,Turkmenistan,Turkmenistan,TM,0
,Tunisia,Tunisia,TN,0
,Tonga,Tonga,TO,0
,Turkey,Turkey,TR,0
,Trinidad and Tobago,Trinidad and Tobago,TT,0
,Tuvalu,Tuvalu,TV,0
,"Taiwan, China","Taiwan, China",TW,0
,Tanzania,Tanzania,TZ,0
,Ukraine,Ukraine,UA,0
,Uganda,Uganda,UG,0
,United States,United States,US,0
,Uruguay,Uruguay,UY,0
,Uzbekistan,Uzbekistan,UZ,0
,Pre-demographic dividend,Pre-demographic dividend,V1,0
,Early-demographic dividend,Early-demographic dividend,V2,0
,Late-demographic dividend,Late-demographic dividend,V3,0
,Post-demographic dividend,Post-demographic dividend,V4,0
,St. Vincent and the Grenadines,St. Vincent and the Grenadines,VC,0
,"Venezuela, RB","Venezuela, RB",VE,0
,British Virgin Islands,British Virgin Islands,VG,0
,Virgin Islands (U.S.),Virgin Islands (U.S.),VI,0
,Vietnam,Vietnam,VN,0
,Vanuatu,Vanuatu,VU,0
,Samoa,Samoa,WS,0
,Euro area,Euro area,XC,0
,High income,High income,XD,0
,Heavily indebted poor countries (HIPC),Heavily indebted poor countries (HIPC),XE,0
,IBRD only,IBRD only,XF,0
,IDA total,IDA total,XG,0
,IDA blend,IDA blend,XH,0
,IDA only,IDA only,XI,0
,Latin America & Caribbean (excluding high income),Latin America & Caribbean (excluding high income),XJ,0
,Kosovo,Kosovo,XK,0
,Least developed countries: UN classification,Least developed countries: UN classification,XL,0
,Low income,Low income,XM,0
,Lower middle income,Lower middle income,XN,0
,Low & middle income,Low & middle income,XO,0
,Middle income,Middle income,XP,0
,Middle East & North Africa (excluding high income),Middle East & North Africa (excluding high income),XQ,0
,Upper middle income,Upper middle income,XT,0
,North America,North America,XU,0
,Not classified,Not classified,XY,0
,"Yemen, Rep.","Yemen, Rep.",YE,0
,East Asia & Pacific,East Asia & Pacific,Z4,0
,Europe & Central Asia,Europe & Central Asia,Z7,0
,South Africa,South Africa,ZA,0
,"IBRD, including blend","IBRD, including blend",ZB,0
id,Sub-Saharan Africa (excluding high income),Sub-Saharan Africa (excluding high income),ZF,0
,Sub-Saharan Africa ,Sub-Saharan Africa ,ZG,0
,Latin America & Caribbean ,Latin America & Caribbean ,ZJ,0
,Zambia,Zambia,ZM,0
,Middle East & North Africa,Middle East & North Africa,ZQ,0
,IDA & IBRD total,IDA & IBRD total,ZT,0
,Zimbabwe,Zimbabwe,ZW,0
,Cape Verde,Cabo Verde,CV,1
,"Congo, Democratic Republic","Congo, Dem. Rep.",CD,1
,Congo  Republic,"Congo, Rep.",CG,1
,Cote D'Ivoire,Cote d'Ivoire,CI,1
,Egypt,"Egypt, Arab Rep.",EG,1
,Gambia,"Gambia, The",GM,1
,Hong Kong,"Hong Kong SAR, China",HK,1
,Iran,"Iran, Islamic Rep.",IR,1
,"Korea, South","Korea, Rep.",KR,1
,Kyrgyzstan,Kyrgyz Republic,KG,1
,Macedonia,"Macedonia, FYR",MK,1
,Slovakia,Slovak Republic,SK,1
,Syria,Syrian Arab Republic,SY,1
,Timor Leste,Timor-Leste,TL,1
,"Korea, Nord","Korea, Dem. People's Rep.",KP,1
,Laos,Lao PDR,LA,1
,Russia,Russian Federation,RU,1
,Venezuela,"Venezuela, RB",VE,1
,Yemen,"Yemen, Rep.",YE,1
,Bahamas,"Bahamas, The",BS,1
,Central Afr. Rep.,Central African Republic,CF,1
,"Congo, Dem. R.","Congo, Dem. Rep.",CD,1
,"Congo, Rep. Of","Congo, Rep.",CG,1
,Czech Rep.,Czech Republic,CZ,1
,Dominican Rep.,Dominican Republic,DO,1
,Pap. New Guinea,Papua New Guinea,PG,1
,Slovak Rep,Slovak Republic,SK,1
,Taiwan,"Taiwan, China",TW,1
,Trinidad & Tob.,Trinidad and Tobago,TT,1
,Unit. Arab Em.,United Arab Emirates,AE,1
,USA,United States,US,1
